{"cameraMode":{"drawMode":0,"name":"Shaded","section":"Shading Mode"},"sceneLighting":true,"audioPlay":false,"sceneViewState":{"m_AlwaysRefresh":true,"showFog":true,"showSkybox":true,"showFlares":true,"showImageEffects":true,"showParticleSystems":true,"showVisualEffectGraphs":true,"m_FxEnabled":true},"in2DMode":false,"pivot":{"x":6.0848283767700199,"y":3.929568290710449,"z":-5.258437633514404},"rotation":{"x":-0.0014315408188849688,"y":-0.9947506189346314,"z":-0.0140687832608819,"w":0.10137349367141724},"size":9.993780136108399,"orthographic":false}