{"cameraMode":{"drawMode":0,"name":"Shaded","section":"Shading Mode"},"sceneLighting":true,"audioPlay":false,"sceneViewState":{"m_AlwaysRefresh":true,"showFog":true,"showSkybox":true,"showFlares":true,"showImageEffects":true,"showParticleSystems":true,"showVisualEffectGraphs":true,"m_FxEnabled":true},"in2DMode":false,"pivot":{"x":13.010381698608399,"y":13.344416618347168,"z":18.561870574951173},"rotation":{"x":-0.23340226709842683,"y":0.209280863404274,"z":0.051515258848667148,"w":0.9481953978538513},"size":8.811173439025879,"orthographic":false}